WEBVAF,UNIQUE_APPLICATION_NUMBER,DECISION_DATE,DECISION,VOY_CODE,VOY_ARR_PORT,VOY_ARR_DATETIME,PERSON_IDENTIFIER
GWF063900037,1313-2026-0001-7919,2026-02-20,GRANT,FR1234,LGW,26/02/2026 10:15:00,32001
GWF063900074,,2026-02-21,Issued,,,,32002
GWF063900111,,2026-02-21,GRANT,W61705,LTN,27/02/2026 14:40:00,32003
,1313-2026-0005-9595,2026-02-22,Issued,,,,32004
GWF000000001,,2026-02-22,Issued,,,,32005
GWF063900148,,2026-03-01,GRANT,LO281,BHX,05/03/2026 09:55:00,32006
GWF063900222,1313-2026-0006-7514,2026-03-02,Refused,,,,32007
GWF063900185,,2026-03-02,GRANT,GBDVR01,GBDVR,06/03/2026 18:25:00,32008
,1313-2026-0007-5433,2026-03-03,Issued,,,,32009
GWF063900296,,2026-03-03,Issued,,,,32010
GWF063900074,,2026-03-12,GRANT,FR3344,STN,15/03/2026 11:05:00,32011
GWF063900333,1313-2026-0009-1271,2026-03-13,Issued,,,,32012
GWF063900370,,2026-03-13,Issued,,,,32013
GWF063900444,,2026-03-14,Withdrawn,,,,32014
,1313-2026-0011-7109,2026-03-14,Issued,,,,32015
GWF063900333,,2026-03-27,GRANT,BA889,MAN,30/03/2026 08:35:00,32016
GWF063900370,,2026-03-27,GRANT,BA889,MAN,30/03/2026 08:35:00,32017
GWF063900481,1313-2026-0013-2947,2026-03-28,Issued,,,,32018
GWF063900777,,2026-03-28,Issued,,,,32019
GWF063900259,,2026-03-29,GRANT,W95012,LTN,02/04/2026 16:50:00,32020
,1313-2026-0014-0866,2026-03-29,Issued,,,,32021
GWF063900629,,2026-04-10,Voided,,,,32022
GWF063900037,,2026-04-10,Issued,,,,32023
GWF063900666,,2026-04-11,Issued,,,,32024
GWF063900814,1313-2026-0022-4218,2026-04-11,Issued,,,,32025
GWF063900481,,2026-04-24,GRANT,FR1290,LGW,28/04/2026 12:20:00,32026
GWF063900962,1313-2026-0026-5894,2026-04-24,Issued,,,,32027
GWF063900999,,2026-04-25,Issued,,,,32028
GWF063901110,,2026-04-25,Issued,,,,32029
,1313-2026-0019-0461,2026-04-26,Issued,,,,32030
GWF063900851,,2026-04-26,Issued,,,,32031
GWF063900962,,2026-04-29,GRANT,LO279,BHX,01/05/2026 10:45:00,32032
GWF063900740,,2026-04-29,GRANT,FR1234,LGW,01/05/2026 15:30:00,32033
,1313-2026-0024-0056,2026-04-30,Issued,,,,32034
